chat_id,slug,token,organization_id,conversation_log,structured_info,created_at,updated_at,language,is_test_chat,sentiment,resolution,message_count
5500405,slug_61218,token_63825,17,"[{""id"": ""785cbb48-29b1-4831-99b6-d8a1ba0c4b1d"", ""role"": ""assistant"", ""type"": ""default"", ""content"": ""Hallo, ik ben Vera, jouw online reisassistent! Stel me je vragen en ik help je bij het vinden van je perfecte vakantie of geef je praktische informatie voor een zorgeloze vakantie."", ""disclaimer"": ""Vera is nieuw bij Zoover als online reisassistent. Ze gebruikt AI voor haar antwoorden en kan daarom fouten maken. Laat het ons gerust weten als je iets opmerkt met een duimpje naar beneden. Je gegevens worden verwerkt volgens ons [privacybeleid](https://www.zoover.nl/privacycookiebeleid).""}, {""id"": ""025dd548-0015-45c7-9c89-138ef7cc3766"", ""role"": ""assistant"", ""type"": ""default"", ""content"": ""Waarmee kan ik je helpen?"", ""disclaimer"": null}]","{""actions"": [""get_in_touch""]}",2025-05-28T12:55:10.546493,2025-05-28T12:55:10.560016,nl,,,,2
5500404,slug_27519,token_30784,17,"[{""id"": ""2c0bd3b5-be6c-4ee6-bedb-946d04d8b254"", ""role"": ""assistant"", ""type"": ""default"", ""content"": ""Hallo, ik ben Vera, jouw online reisassistent! Stel me je vragen en ik help je bij het vinden van je perfecte vakantie of geef je praktische informatie voor een zorgeloze vakantie."", ""disclaimer"": ""Vera is nieuw bij Zoover als online reisassistent. Ze gebruikt AI voor haar antwoorden en kan daarom fouten maken. Laat het ons gerust weten als je iets opmerkt met een duimpje naar beneden. Je gegevens worden verwerkt volgens ons [privacybeleid](https://www.zoover.nl/privacycookiebeleid).""}, {""id"": ""adaccc73-5b07-4b84-9c85-a2e856295552"", ""role"": ""assistant"", ""type"": ""default"", ""content"": ""Waarmee kan ik je helpen?"", ""disclaimer"": null}]","{""actions"": [""get_in_touch""]}",2025-05-28T12:55:09.719146,2025-05-28T12:55:09.787616,nl,,,,2
5500403,slug_85811,token_42508,17,"[{""id"": ""24130c0b-33e5-4e4f-8fd5-c60dfd08ec46"", ""role"": ""assistant"", ""type"": ""default"", ""content"": ""Hallo, ik ben Vera, jouw online reisassistent! Stel me je vragen en ik help je bij het vinden van je perfecte vakantie of geef je praktische informatie voor een zorgeloze vakantie."", ""disclaimer"": ""Vera is nieuw bij Zoover als online reisassistent. Ze gebruikt AI voor haar antwoorden en kan daarom fouten maken. Laat het ons gerust weten als je iets opmerkt met een duimpje naar beneden. Je gegevens worden verwerkt volgens ons [privacybeleid](https://www.zoover.nl/privacycookiebeleid).""}, {""id"": ""7c31314a-3287-495f-9d2c-95bf93eef125"", ""role"": ""assistant"", ""type"": ""default"", ""content"": ""Waarmee kan ik je helpen?"", ""disclaimer"": null}]","{""actions"": [""get_in_touch""]}",2025-05-28T12:55:07.432335,2025-05-28T12:55:07.484854,nl,,,,2
5500402,slug_44016,token_52562,17,"[{""id"": ""de61e173-273e-4920-9cf8-523bebdac079"", ""role"": ""assistant"", ""type"": ""default"", ""content"": ""Hallo, ik ben Vera, jouw online reisassistent! Stel me je vragen en ik help je bij het vinden van je perfecte vakantie of geef je praktische informatie voor een zorgeloze vakantie."", ""disclaimer"": ""Vera is nieuw bij Zoover als online reisassistent. Ze gebruikt AI voor haar antwoorden en kan daarom fouten maken. Laat het ons gerust weten als je iets opmerkt met een duimpje naar beneden. Je gegevens worden verwerkt volgens ons [privacybeleid](https://www.zoover.nl/privacycookiebeleid).""}, {""id"": ""517cf284-8a78-4b25-9511-589e181a0e13"", ""role"": ""assistant"", ""type"": ""default"", ""content"": ""Waarmee kan ik je helpen?"", ""disclaimer"": null}]","{""actions"": [""get_in_touch""]}",2025-05-28T12:55:05.427998,2025-05-28T12:55:05.481037,nl,,,,2
5500401,slug_38761,token_87874,17,"[{""id"": ""480bfa2a-b457-42a3-9139-cc4d1d5be9df"", ""role"": ""assistant"", ""type"": ""default"", ""content"": ""Hallo, ik ben Vera, jouw online reisassistent! Stel me je vragen en ik help je bij het vinden van je perfecte vakantie of geef je praktische informatie voor een zorgeloze vakantie."", ""disclaimer"": ""Vera is nieuw bij Zoover als online reisassistent. Ze gebruikt AI voor haar antwoorden en kan daarom fouten maken. Laat het ons gerust weten als je iets opmerkt met een duimpje naar beneden. Je gegevens worden verwerkt volgens ons [privacybeleid](https://www.zoover.nl/privacycookiebeleid).""}, {""id"": ""7e69d7bf-157d-41b7-a48f-c8a2314fcaeb"", ""role"": ""assistant"", ""type"": ""default"", ""content"": ""Waarmee kan ik je helpen?"", ""disclaimer"": null}]","{""actions"": [""get_in_touch""]}",2025-05-28T12:55:03.429205,2025-05-28T12:55:03.484103,nl,,,,2
5500400,slug_62893,token_90719,5,"[{""id"": ""18e43f77-3811-4a76-b2ef-4706e5936aa8"", ""role"": ""assistant"", ""type"": ""default"", ""content"": ""Bonjour, Je suis V\u00e9v\u00e9 votre compagnon virtuel pour votre prochain s\u00e9jour \u00e0 v\u00e9lo ! Je suis l\u00e0 pour vous assister dans la recherche de votre s\u00e9jour \u00e0 v\u00e9lo id\u00e9al sur notre site. Notre \u00e9quipe est \u00e9galement disponible pour r\u00e9pondre \u00e0 toutes vos questions. En selle, c'est parti !"", ""disclaimer"": ""Toutes les r\u00e9ponses sont g\u00e9n\u00e9r\u00e9es sur la base du contenu de notre site web et blog. Si vous constatez des incoh\u00e9rences, n'h\u00e9sitez pas \u00e0 nous les transmettre \u00e0 [[EMAIL]](mailto:[EMAIL]).""}, {""id"": ""5ab1fbe0-974e-4fb8-8042-a026d16f07e8"", ""role"": ""assistant"", ""type"": ""default"", ""content"": ""Comment puis-je vous aider ?"", ""disclaimer"": null}]","{""actions"": [""get_in_touch""]}",2025-05-28T12:55:02.924754,2025-05-28T12:55:02.972764,fr,,,,2
5500399,slug_17239,token_75617,17,"[{""id"": ""245954ab-01d5-4e18-ad54-5f569774937f"", ""role"": ""assistant"", ""type"": ""default"", ""content"": ""Hallo, ik ben Vera, jouw online reisassistent! Stel me je vragen en ik help je bij het vinden van je perfecte vakantie of geef je praktische informatie voor een zorgeloze vakantie."", ""disclaimer"": ""Vera is nieuw bij Zoover als online reisassistent. Ze gebruikt AI voor haar antwoorden en kan daarom fouten maken. Laat het ons gerust weten als je iets opmerkt met een duimpje naar beneden. Je gegevens worden verwerkt volgens ons [privacybeleid](https://www.zoover.nl/privacycookiebeleid).""}, {""id"": ""a9d316a5-2ec5-4f05-8424-84358d553385"", ""role"": ""assistant"", ""type"": ""default"", ""content"": ""Waarmee kan ik je helpen?"", ""disclaimer"": null}]","{""actions"": [""get_in_touch""]}",2025-05-28T12:55:01.569082,2025-05-28T12:55:01.583151,nl,,,,2
5500398,slug_25585,token_86458,17,"[{""id"": ""821812ff-9dfd-41b2-9de0-90c9cc13a51f"", ""role"": ""assistant"", ""type"": ""default"", ""content"": ""Hallo, ik ben Vera, jouw online reisassistent! Stel me je vragen en ik help je bij het vinden van je perfecte vakantie of geef je praktische informatie voor een zorgeloze vakantie."", ""disclaimer"": ""Vera is nieuw bij Zoover als online reisassistent. Ze gebruikt AI voor haar antwoorden en kan daarom fouten maken. Laat het ons gerust weten als je iets opmerkt met een duimpje naar beneden. Je gegevens worden verwerkt volgens ons [privacybeleid](https://www.zoover.nl/privacycookiebeleid).""}, {""id"": ""569697ef-bf9c-456d-bd75-1860318c9b4b"", ""role"": ""assistant"", ""type"": ""default"", ""content"": ""Waarmee kan ik je helpen?"", ""disclaimer"": null}]","{""actions"": [""get_in_touch""]}",2025-05-28T12:55:00.790910,2025-05-28T12:55:00.837728,nl,,,,2
5500397,slug_27454,token_14683,17,"[{""id"": ""816bd90f-5cd8-4a4c-896a-07da34917e62"", ""role"": ""assistant"", ""type"": ""default"", ""content"": ""Hallo, ik ben Vera, jouw online reisassistent! Stel me je vragen en ik help je bij het vinden van je perfecte vakantie of geef je praktische informatie voor een zorgeloze vakantie."", ""disclaimer"": ""Vera is nieuw bij Zoover als online reisassistent. Ze gebruikt AI voor haar antwoorden en kan daarom fouten maken. Laat het ons gerust weten als je iets opmerkt met een duimpje naar beneden. Je gegevens worden verwerkt volgens ons [privacybeleid](https://www.zoover.nl/privacycookiebeleid).""}, {""id"": ""c81b6bc4-6290-4a08-9830-9c76e0fed398"", ""role"": ""assistant"", ""type"": ""default"", ""content"": ""Waarmee kan ik je helpen?"", ""disclaimer"": null}]","{""actions"": [""get_in_touch""]}",2025-05-28T12:54:58.932890,2025-05-28T12:54:58.989104,nl,,,,2
5500396,slug_02179,token_70146,17,"[{""id"": ""ba4d9a9f-d2c4-4d5e-9683-b95ceaac5440"", ""role"": ""assistant"", ""type"": ""default"", ""content"": ""Hallo, ik ben Vera, jouw online reisassistent! Stel me je vragen en ik help je bij het vinden van je perfecte vakantie of geef je praktische informatie voor een zorgeloze vakantie."", ""disclaimer"": ""Vera is nieuw bij Zoover als online reisassistent. Ze gebruikt AI voor haar antwoorden en kan daarom fouten maken. Laat het ons gerust weten als je iets opmerkt met een duimpje naar beneden. Je gegevens worden verwerkt volgens ons [privacybeleid](https://www.zoover.nl/privacycookiebeleid).""}, {""id"": ""6b5c681b-6776-47e4-9141-00823d2700b0"", ""role"": ""assistant"", ""type"": ""default"", ""content"": ""Waarmee kan ik je helpen?"", ""disclaimer"": null}]","{""actions"": [""get_in_touch""]}",2025-05-28T12:54:57.920494,2025-05-28T12:54:57.932733,nl,,,,2
5500395,slug_05831,token_08751,16,"[{""id"": ""2784e1e5-a49b-49b8-95a6-b3f0dab84b14"", ""role"": ""assistant"", ""type"": ""default"", ""content"": ""Ik ben [NAME], jouw online reisassistent. Ik ben er om je vragen te beantwoorden en om je te helpen zoeken naar de ideale trip."", ""disclaimer"": ""Je gegevens worden verwerkt volgens ons privacybeleid.""}]","{""actions"": [""get_in_touch""]}",2025-05-28T12:54:57.826813,2025-05-28T12:54:57.875371,nl,,,,1
5500394,slug_78875,token_74996,17,"[{""id"": ""36a26221-8b45-447f-8b46-22a11a6843d7"", ""role"": ""assistant"", ""type"": ""default"", ""content"": ""Hallo, ik ben Vera, jouw online reisassistent! Stel me je vragen en ik help je bij het vinden van je perfecte vakantie of geef je praktische informatie voor een zorgeloze vakantie."", ""disclaimer"": ""Vera is nieuw bij Zoover als online reisassistent. Ze gebruikt AI voor haar antwoorden en kan daarom fouten maken. Laat het ons gerust weten als je iets opmerkt met een duimpje naar beneden. Je gegevens worden verwerkt volgens ons [privacybeleid](https://www.zoover.nl/privacycookiebeleid).""}, {""id"": ""f282f18c-ade9-4b95-a399-3db62f85173d"", ""role"": ""assistant"", ""type"": ""default"", ""content"": ""Waarmee kan ik je helpen?"", ""disclaimer"": null}]","{""actions"": [""get_in_touch""]}",2025-05-28T12:54:57.726113,2025-05-28T12:54:57.773086,nl,,,,2
5500393,slug_78761,token_53737,17,"[{""id"": ""9ac00901-e2b4-458f-9ba7-47db5072c598"", ""role"": ""assistant"", ""type"": ""default"", ""content"": ""Hallo, ik ben Vera, jouw online reisassistent! Stel me je vragen en ik help je bij het vinden van je perfecte vakantie of geef je praktische informatie voor een zorgeloze vakantie."", ""disclaimer"": ""Vera is nieuw bij Zoover als online reisassistent. Ze gebruikt AI voor haar antwoorden en kan daarom fouten maken. Laat het ons gerust weten als je iets opmerkt met een duimpje naar beneden. Je gegevens worden verwerkt volgens ons [privacybeleid](https://www.zoover.nl/privacycookiebeleid).""}, {""id"": ""f9f1a3d3-19d1-4642-9839-09bf7024303d"", ""role"": ""assistant"", ""type"": ""default"", ""content"": ""Waarmee kan ik je helpen?"", ""disclaimer"": null}]","{""actions"": [""get_in_touch""]}",2025-05-28T12:54:56.390539,2025-05-28T12:54:56.438379,nl,,,,2
5500392,slug_53656,token_71933,17,"[{""id"": ""d128bbbc-fefa-4744-88c5-2ea9a1fa8ee6"", ""role"": ""assistant"", ""type"": ""default"", ""content"": ""Hallo, ik ben Vera, jouw online reisassistent! Stel me je vragen en ik help je bij het vinden van je perfecte vakantie of geef je praktische informatie voor een zorgeloze vakantie."", ""disclaimer"": ""Vera is nieuw bij Zoover als online reisassistent. Ze gebruikt AI voor haar antwoorden en kan daarom fouten maken. Laat het ons gerust weten als je iets opmerkt met een duimpje naar beneden. Je gegevens worden verwerkt volgens ons [privacybeleid](https://www.zoover.nl/privacycookiebeleid).""}, {""id"": ""badb56f6-02b5-4cc3-a389-2a5f80563871"", ""role"": ""assistant"", ""type"": ""default"", ""content"": ""Waarmee kan ik je helpen?"", ""disclaimer"": null}]","{""actions"": [""get_in_touch""]}",2025-05-28T12:54:55.671672,2025-05-28T12:54:55.735210,nl,,,,2
5500391,slug_57770,token_76668,17,"[{""id"": ""7c99d3ae-c250-4148-b041-dbfaf82be997"", ""role"": ""assistant"", ""type"": ""default"", ""content"": ""Hallo, ik ben Vera, jouw online reisassistent! Stel me je vragen en ik help je bij het vinden van je perfecte vakantie of geef je praktische informatie voor een zorgeloze vakantie."", ""disclaimer"": ""Vera is nieuw bij Zoover als online reisassistent. Ze gebruikt AI voor haar antwoorden en kan daarom fouten maken. Laat het ons gerust weten als je iets opmerkt met een duimpje naar beneden. Je gegevens worden verwerkt volgens ons [privacybeleid](https://www.zoover.nl/privacycookiebeleid).""}, {""id"": ""5a9adc88-65ad-485d-9d16-72ccbf2c6f5f"", ""role"": ""assistant"", ""type"": ""default"", ""content"": ""Waarmee kan ik je helpen?"", ""disclaimer"": null}]","{""actions"": [""get_in_touch""]}",2025-05-28T12:54:55.534660,2025-05-28T12:54:55.581137,nl,,,,2
5500390,slug_21479,token_90099,17,"[{""id"": ""d37df5bf-b72f-4ec0-a62b-320f38ede712"", ""role"": ""assistant"", ""type"": ""default"", ""content"": ""Hallo, ik ben Vera, jouw online reisassistent! Stel me je vragen en ik help je bij het vinden van je perfecte vakantie of geef je praktische informatie voor een zorgeloze vakantie."", ""disclaimer"": ""Vera is nieuw bij Zoover als online reisassistent. Ze gebruikt AI voor haar antwoorden en kan daarom fouten maken. Laat het ons gerust weten als je iets opmerkt met een duimpje naar beneden. Je gegevens worden verwerkt volgens ons [privacybeleid](https://www.zoover.nl/privacycookiebeleid).""}, {""id"": ""0935ea39-ae57-458e-a096-c5405762ca5f"", ""role"": ""assistant"", ""type"": ""default"", ""content"": ""Waarmee kan ik je helpen?"", ""disclaimer"": null}]","{""actions"": [""get_in_touch""]}",2025-05-28T12:54:55.082700,2025-05-28T12:54:55.135388,nl,,,,2
5500389,slug_83401,token_64631,17,"[{""id"": ""8392e76b-7b19-43e4-a9e3-118a3001a8ab"", ""role"": ""assistant"", ""type"": ""default"", ""content"": ""Hallo, ik ben Vera, jouw online reisassistent! Stel me je vragen en ik help je bij het vinden van je perfecte vakantie of geef je praktische informatie voor een zorgeloze vakantie."", ""disclaimer"": ""Vera is nieuw bij Zoover als online reisassistent. Ze gebruikt AI voor haar antwoorden en kan daarom fouten maken. Laat het ons gerust weten als je iets opmerkt met een duimpje naar beneden. Je gegevens worden verwerkt volgens ons [privacybeleid](https://www.zoover.nl/privacycookiebeleid).""}, {""id"": ""eb3531ce-9f5f-4f01-ac1d-14ae91675ff1"", ""role"": ""assistant"", ""type"": ""default"", ""content"": ""Waarmee kan ik je helpen?"", ""disclaimer"": null}]","{""actions"": [""get_in_touch""]}",2025-05-28T12:54:54.533065,2025-05-28T12:54:54.577952,nl,,,,2
5500388,slug_66201,token_32838,17,"[{""id"": ""1acacc61-8eca-4523-a212-cbf8eec2e0c3"", ""role"": ""assistant"", ""type"": ""default"", ""content"": ""Hallo, ik ben Vera, jouw online reisassistent! Stel me je vragen en ik help je bij het vinden van je perfecte vakantie of geef je praktische informatie voor een zorgeloze vakantie."", ""disclaimer"": ""Vera is nieuw bij Zoover als online reisassistent. Ze gebruikt AI voor haar antwoorden en kan daarom fouten maken. Laat het ons gerust weten als je iets opmerkt met een duimpje naar beneden. Je gegevens worden verwerkt volgens ons [privacybeleid](https://www.zoover.nl/privacycookiebeleid).""}, {""id"": ""5f8ca795-be7e-45ad-9e02-6c117a424d1e"", ""role"": ""assistant"", ""type"": ""default"", ""content"": ""Waarmee kan ik je helpen?"", ""disclaimer"": null}]","{""actions"": [""get_in_touch""]}",2025-05-28T12:54:54.231783,2025-05-28T12:54:54.255889,nl,,,,2
5500387,slug_56553,token_92852,17,"[{""id"": ""bfbdd28f-60ba-4850-b54a-2a3619bde573"", ""role"": ""assistant"", ""type"": ""default"", ""content"": ""Hallo, ik ben Vera, jouw online reisassistent! Stel me je vragen en ik help je bij het vinden van je perfecte vakantie of geef je praktische informatie voor een zorgeloze vakantie."", ""disclaimer"": ""Vera is nieuw bij Zoover als online reisassistent. Ze gebruikt AI voor haar antwoorden en kan daarom fouten maken. Laat het ons gerust weten als je iets opmerkt met een duimpje naar beneden. Je gegevens worden verwerkt volgens ons [privacybeleid](https://www.zoover.nl/privacycookiebeleid).""}, {""id"": ""2b511bcf-8a29-4514-bc70-7a62cb17fe99"", ""role"": ""assistant"", ""type"": ""default"", ""content"": ""Waarmee kan ik je helpen?"", ""disclaimer"": null}]","{""actions"": [""get_in_touch""]}",2025-05-28T12:54:53.898671,2025-05-28T12:54:53.938278,nl,,,,2
5500386,slug_59848,token_30928,14,"[{""id"": ""16063a03-c236-4982-a633-2dd18a6d8aa6"", ""role"": ""assistant"", ""type"": ""default"", ""content"": ""Bonjour, je suis l'assistant IA de French Morning."", ""disclaimer"": ""Toutes les r\u00e9ponses sont g\u00e9n\u00e9r\u00e9es \u00e0 partir du contenu du site web de French Morning. N'h\u00e9sitez pas \u00e0 nous faire part de vos commentaires \u00e0 <a href='mailto:[EMAIL]'>[EMAIL]</a>.""}, {""id"": ""ed839cf8-9627-4e5e-b317-b26fd8ed4d92"", ""role"": ""assistant"", ""type"": ""default"", ""content"": ""Comment puis-je vous aider ?"", ""disclaimer"": null}]","{""actions"": [""get_in_touch""]}",2025-05-28T12:54:53.820155,2025-05-28T12:54:53.899499,fr,,,,2
5500385,slug_50019,token_72491,17,"[{""id"": ""d3ec951b-e7f4-476b-a388-7392aeec38a8"", ""role"": ""assistant"", ""type"": ""default"", ""content"": ""Hallo, ik ben Vera, jouw online reisassistent! Stel me je vragen en ik help je bij het vinden van je perfecte vakantie of geef je praktische informatie voor een zorgeloze vakantie."", ""disclaimer"": ""Vera is nieuw bij Zoover als online reisassistent. Ze gebruikt AI voor haar antwoorden en kan daarom fouten maken. Laat het ons gerust weten als je iets opmerkt met een duimpje naar beneden. Je gegevens worden verwerkt volgens ons [privacybeleid](https://www.zoover.nl/privacycookiebeleid).""}, {""id"": ""0b95588a-6f51-4cc7-9c33-e12582242aeb"", ""role"": ""assistant"", ""type"": ""default"", ""content"": ""Waarmee kan ik je helpen?"", ""disclaimer"": null}]","{""actions"": [""get_in_touch""]}",2025-05-28T12:54:53.630704,2025-05-28T12:54:53.731033,nl,,,,2
5500384,slug_85857,token_19215,17,"[{""id"": ""012a4cda-883c-4cea-8f54-a1d5de3c5386"", ""role"": ""assistant"", ""type"": ""default"", ""content"": ""Hallo, ik ben Vera, jouw online reisassistent! Stel me je vragen en ik help je bij het vinden van je perfecte vakantie of geef je praktische informatie voor een zorgeloze vakantie."", ""disclaimer"": ""Vera is nieuw bij Zoover als online reisassistent. Ze gebruikt AI voor haar antwoorden en kan daarom fouten maken. Laat het ons gerust weten als je iets opmerkt met een duimpje naar beneden. Je gegevens worden verwerkt volgens ons [privacybeleid](https://www.zoover.nl/privacycookiebeleid).""}, {""id"": ""0a7cad7c-88d9-4e1e-b661-dfb16b9154ef"", ""role"": ""assistant"", ""type"": ""default"", ""content"": ""Waarmee kan ik je helpen?"", ""disclaimer"": null}]","{""actions"": [""get_in_touch""]}",2025-05-28T12:54:53.378803,2025-05-28T12:54:53.433391,nl,,,,2
5500383,slug_15401,token_11535,17,"[{""id"": ""75461295-9959-4543-907d-261875a71b59"", ""role"": ""assistant"", ""type"": ""default"", ""content"": ""Hallo, ik ben Vera, jouw online reisassistent! Stel me je vragen en ik help je bij het vinden van je perfecte vakantie of geef je praktische informatie voor een zorgeloze vakantie."", ""disclaimer"": ""Vera is nieuw bij Zoover als online reisassistent. Ze gebruikt AI voor haar antwoorden en kan daarom fouten maken. Laat het ons gerust weten als je iets opmerkt met een duimpje naar beneden. Je gegevens worden verwerkt volgens ons [privacybeleid](https://www.zoover.nl/privacycookiebeleid).""}, {""id"": ""12f96289-88ec-4bb5-ace9-2fff034ede17"", ""role"": ""assistant"", ""type"": ""default"", ""content"": ""Waarmee kan ik je helpen?"", ""disclaimer"": null}]","{""actions"": [""get_in_touch""]}",2025-05-28T12:54:52.620710,2025-05-28T12:54:52.735430,nl,,,,2
5500382,slug_49548,token_80991,17,"[{""id"": ""eab26ba5-e937-4dd7-8a63-4723166e39e6"", ""role"": ""assistant"", ""type"": ""default"", ""content"": ""Hallo, ik ben Vera, jouw online reisassistent! Stel me je vragen en ik help je bij het vinden van je perfecte vakantie of geef je praktische informatie voor een zorgeloze vakantie."", ""disclaimer"": ""Vera is nieuw bij Zoover als online reisassistent. Ze gebruikt AI voor haar antwoorden en kan daarom fouten maken. Laat het ons gerust weten als je iets opmerkt met een duimpje naar beneden. Je gegevens worden verwerkt volgens ons [privacybeleid](https://www.zoover.nl/privacycookiebeleid).""}, {""id"": ""188bc6e0-01c3-471d-8c2a-ca42aaf5d94c"", ""role"": ""assistant"", ""type"": ""default"", ""content"": ""Waarmee kan ik je helpen?"", ""disclaimer"": null}]","{""actions"": [""get_in_touch""]}",2025-05-28T12:54:52.272832,2025-05-28T12:54:52.322430,nl,,,,2
5500381,slug_21588,token_88411,5,"[{""id"": ""f8d0a02c-bd1b-4d1c-b4f4-6c8521a1f45e"", ""role"": ""assistant"", ""type"": ""default"", ""content"": ""Bonjour, Je suis V\u00e9v\u00e9 votre compagnon virtuel pour votre prochain s\u00e9jour \u00e0 v\u00e9lo ! Je suis l\u00e0 pour vous assister dans la recherche de votre s\u00e9jour \u00e0 v\u00e9lo id\u00e9al sur notre site. Notre \u00e9quipe est \u00e9galement disponible pour r\u00e9pondre \u00e0 toutes vos questions. En selle, c'est parti !"", ""disclaimer"": ""Toutes les r\u00e9ponses sont g\u00e9n\u00e9r\u00e9es sur la base du contenu de notre site web et blog. Si vous constatez des incoh\u00e9rences, n'h\u00e9sitez pas \u00e0 nous les transmettre \u00e0 [[EMAIL]](mailto:[EMAIL]).""}, {""id"": ""b61584ba-ea0d-4472-b116-94f41eb6f039"", ""role"": ""assistant"", ""type"": ""default"", ""content"": ""Comment puis-je vous aider ?"", ""disclaimer"": null}]","{""actions"": [""get_in_touch""]}",2025-05-28T12:54:51.786412,2025-05-28T12:54:51.837533,fr,,,,2
5500380,slug_86985,token_30972,15,"[{""id"": ""6c6f45f4-66b9-4fe8-b2db-a33bdd5da883"", ""role"": ""assistant"", ""type"": ""default"", ""content"": ""Hi adventurer,\n\nI'm Atlas, the online travel(base) expert with super skills! I'm available 24/7 to answer your travel-related questions, and in 99% of cases I'll deliver the perfect answer within seconds.\n\nIf I can't help you? Then I'll be happy to refer you to one of my human colleagues. \ud83d\ude09"", ""disclaimer"": null}]","{""actions"": [""get_in_touch""]}",2025-05-28T12:54:40.179625,2025-05-28T12:54:40.224459,en,,,,1
5500379,slug_09755,token_40255,17,"[{""id"": ""11e5bf59-2014-46ba-ae44-4c374d63ab3d"", ""role"": ""assistant"", ""type"": ""default"", ""content"": ""Hallo, ik ben Vera, jouw online reisassistent! Stel me je vragen en ik help je bij het vinden van je perfecte vakantie of geef je praktische informatie voor een zorgeloze vakantie."", ""disclaimer"": ""Vera is nieuw bij Zoover als online reisassistent. Ze gebruikt AI voor haar antwoorden en kan daarom fouten maken. Laat het ons gerust weten als je iets opmerkt met een duimpje naar beneden. Je gegevens worden verwerkt volgens ons [privacybeleid](https://www.zoover.nl/privacycookiebeleid).""}, {""id"": ""ca70fcdb-945d-41bd-9331-2caf7d264e82"", ""role"": ""assistant"", ""type"": ""default"", ""content"": ""Waarmee kan ik je helpen?"", ""disclaimer"": null}]","{""actions"": [""get_in_touch""]}",2025-05-28T12:54:37.585321,2025-05-28T12:54:37.638078,nl,,,,2
5500378,slug_56803,token_52879,17,"[{""id"": ""30d77d70-8909-4eb8-97d2-69e435e7041d"", ""role"": ""assistant"", ""type"": ""default"", ""content"": ""Hallo, ik ben Vera, jouw online reisassistent! Stel me je vragen en ik help je bij het vinden van je perfecte vakantie of geef je praktische informatie voor een zorgeloze vakantie."", ""disclaimer"": ""Vera is nieuw bij Zoover als online reisassistent. Ze gebruikt AI voor haar antwoorden en kan daarom fouten maken. Laat het ons gerust weten als je iets opmerkt met een duimpje naar beneden. Je gegevens worden verwerkt volgens ons [privacybeleid](https://www.zoover.nl/privacycookiebeleid).""}, {""id"": ""9eb3c2cf-f742-469f-812d-341d7741a05e"", ""role"": ""assistant"", ""type"": ""default"", ""content"": ""Waarmee kan ik je helpen?"", ""disclaimer"": null}]","{""actions"": [""get_in_touch""]}",2025-05-28T12:54:37.233817,2025-05-28T12:54:37.288762,nl,,,,2
5500377,slug_09010,token_01928,15,"[{""id"": ""3e38bdc8-e320-4373-8f97-0f18233e21ec"", ""role"": ""assistant"", ""type"": ""default"", ""content"": ""Cher\u00b7e aventurier\u00b7e,\n\nJe m'appelle Atlas, votre assistant voyage virtuel \u00e0 votre service ! Disponible 24h/24, je suis l\u00e0 pour r\u00e9pondre instantan\u00e9ment \u00e0 toutes vos questions concernant vos projets de voyage. Dans la grande majorit\u00e9 des cas, je peux vous fournir des informations pr\u00e9cises en quelques secondes.\n\nEt si par hasard je ne peux pas r\u00e9pondre \u00e0 votre demande ? Pas d'inqui\u00e9tude, je vous mettrai en relation avec l'un de nos conseillers humains qui prendra le relais pour vous accompagner personnellement. \ud83d\ude09"", ""disclaimer"": null}]","{""actions"": [""get_in_touch""]}",2025-05-28T12:54:37.035759,2025-05-28T12:54:37.122650,fr,,,,1
5500376,slug_20681,token_15979,17,"[{""id"": ""37300ae9-2e5e-4b87-b906-5b5a49e7879d"", ""role"": ""assistant"", ""type"": ""default"", ""content"": ""Hallo, ik ben Vera, jouw online reisassistent! Stel me je vragen en ik help je bij het vinden van je perfecte vakantie of geef je praktische informatie voor een zorgeloze vakantie."", ""disclaimer"": ""Vera is nieuw bij Zoover als online reisassistent. Ze gebruikt AI voor haar antwoorden en kan daarom fouten maken. Laat het ons gerust weten als je iets opmerkt met een duimpje naar beneden. Je gegevens worden verwerkt volgens ons [privacybeleid](https://www.zoover.nl/privacycookiebeleid).""}, {""id"": ""11ce0784-fa80-41f8-9385-050cca537e57"", ""role"": ""assistant"", ""type"": ""default"", ""content"": ""Waarmee kan ik je helpen?"", ""disclaimer"": null}]","{""actions"": [""get_in_touch""]}",2025-05-28T12:54:35.433965,2025-05-28T12:54:35.489537,nl,,,,2
5500375,slug_10951,token_83030,17,"[{""id"": ""caee9890-eea5-4c04-af80-82b81a965d3a"", ""role"": ""assistant"", ""type"": ""default"", ""content"": ""Hallo, ik ben Vera, jouw online reisassistent! Stel me je vragen en ik help je bij het vinden van je perfecte vakantie of geef je praktische informatie voor een zorgeloze vakantie."", ""disclaimer"": ""Vera is nieuw bij Zoover als online reisassistent. Ze gebruikt AI voor haar antwoorden en kan daarom fouten maken. Laat het ons gerust weten als je iets opmerkt met een duimpje naar beneden. Je gegevens worden verwerkt volgens ons [privacybeleid](https://www.zoover.nl/privacycookiebeleid).""}, {""id"": ""d6e954e3-8840-4749-8c7d-547ab9e956fb"", ""role"": ""assistant"", ""type"": ""default"", ""content"": ""Waarmee kan ik je helpen?"", ""disclaimer"": null}]","{""actions"": [""get_in_touch""]}",2025-05-28T12:54:35.233472,2025-05-28T12:54:35.285936,nl,,,,2
5500374,slug_54104,token_03060,17,"[{""id"": ""bedcf62e-ecf9-47fd-ba21-e3c68700fbdc"", ""role"": ""assistant"", ""type"": ""default"", ""content"": ""Hallo, ik ben Vera, jouw online reisassistent! Stel me je vragen en ik help je bij het vinden van je perfecte vakantie of geef je praktische informatie voor een zorgeloze vakantie."", ""disclaimer"": ""Vera is nieuw bij Zoover als online reisassistent. Ze gebruikt AI voor haar antwoorden en kan daarom fouten maken. Laat het ons gerust weten als je iets opmerkt met een duimpje naar beneden. Je gegevens worden verwerkt volgens ons [privacybeleid](https://www.zoover.nl/privacycookiebeleid).""}, {""id"": ""3d2c4b6b-dace-4475-96ec-87c6e3036401"", ""role"": ""assistant"", ""type"": ""default"", ""content"": ""Waarmee kan ik je helpen?"", ""disclaimer"": null}]","{""actions"": [""get_in_touch""]}",2025-05-28T12:54:34.926843,2025-05-28T12:54:34.943149,nl,,,,2
5500373,slug_06996,token_17132,17,"[{""id"": ""cd7a28aa-22a4-412c-9844-d4216916e8ed"", ""role"": ""assistant"", ""type"": ""default"", ""content"": ""Hallo, ik ben Vera, jouw online reisassistent! Stel me je vragen en ik help je bij het vinden van je perfecte vakantie of geef je praktische informatie voor een zorgeloze vakantie."", ""disclaimer"": ""Vera is nieuw bij Zoover als online reisassistent. Ze gebruikt AI voor haar antwoorden en kan daarom fouten maken. Laat het ons gerust weten als je iets opmerkt met een duimpje naar beneden. Je gegevens worden verwerkt volgens ons [privacybeleid](https://www.zoover.nl/privacycookiebeleid).""}, {""id"": ""0a5f6de6-25a3-4de4-b3b4-29fa7486b269"", ""role"": ""assistant"", ""type"": ""default"", ""content"": ""Waarmee kan ik je helpen?"", ""disclaimer"": null}]","{""actions"": [""get_in_touch""]}",2025-05-28T12:54:34.372625,2025-05-28T12:54:34.422916,nl,,,,2
5500372,slug_85358,token_29637,17,"[{""id"": ""4c745db7-5039-47d1-978a-4e2bcb5f1560"", ""role"": ""assistant"", ""type"": ""default"", ""content"": ""Hallo, ik ben Vera, jouw online reisassistent! Stel me je vragen en ik help je bij het vinden van je perfecte vakantie of geef je praktische informatie voor een zorgeloze vakantie."", ""disclaimer"": ""Vera is nieuw bij Zoover als online reisassistent. Ze gebruikt AI voor haar antwoorden en kan daarom fouten maken. Laat het ons gerust weten als je iets opmerkt met een duimpje naar beneden. Je gegevens worden verwerkt volgens ons [privacybeleid](https://www.zoover.nl/privacycookiebeleid).""}, {""id"": ""8ff552dc-9906-4c09-b98c-fd418df6e02b"", ""role"": ""assistant"", ""type"": ""default"", ""content"": ""Waarmee kan ik je helpen?"", ""disclaimer"": null}]","{""actions"": [""get_in_touch""]}",2025-05-28T12:54:33.233181,2025-05-28T12:54:33.253050,nl,,,,2
5500371,slug_06555,token_45355,17,"[{""id"": ""e0c31d13-4c28-4c60-b3c3-1ff9bda6a5b6"", ""role"": ""assistant"", ""type"": ""default"", ""content"": ""Hallo, ik ben Vera, jouw online reisassistent! Stel me je vragen en ik help je bij het vinden van je perfecte vakantie of geef je praktische informatie voor een zorgeloze vakantie."", ""disclaimer"": ""Vera is nieuw bij Zoover als online reisassistent. Ze gebruikt AI voor haar antwoorden en kan daarom fouten maken. Laat het ons gerust weten als je iets opmerkt met een duimpje naar beneden. Je gegevens worden verwerkt volgens ons [privacybeleid](https://www.zoover.nl/privacycookiebeleid).""}, {""id"": ""9dab19d2-ad7a-4a03-9141-7ae4b374f6cc"", ""role"": ""assistant"", ""type"": ""default"", ""content"": ""Waarmee kan ik je helpen?"", ""disclaimer"": null}]","{""actions"": [""get_in_touch""]}",2025-05-28T12:54:33.084676,2025-05-28T12:54:33.129845,nl,,,,2
5500370,slug_19272,token_49775,17,"[{""id"": ""5aa472f1-945d-40b0-b417-6e5a2f13d2d6"", ""role"": ""assistant"", ""type"": ""default"", ""content"": ""Hallo, ik ben Vera, jouw online reisassistent! Stel me je vragen en ik help je bij het vinden van je perfecte vakantie of geef je praktische informatie voor een zorgeloze vakantie."", ""disclaimer"": ""Vera is nieuw bij Zoover als online reisassistent. Ze gebruikt AI voor haar antwoorden en kan daarom fouten maken. Laat het ons gerust weten als je iets opmerkt met een duimpje naar beneden. Je gegevens worden verwerkt volgens ons [privacybeleid](https://www.zoover.nl/privacycookiebeleid).""}, {""id"": ""18fc0e67-3b21-47b0-98b4-90acf0a7b110"", ""role"": ""assistant"", ""type"": ""default"", ""content"": ""Waarmee kan ik je helpen?"", ""disclaimer"": null}]","{""actions"": [""get_in_touch""]}",2025-05-28T12:54:32.934346,2025-05-28T12:54:32.947441,nl,,,,2
5500369,slug_29459,token_16853,1,"[{""id"": ""d28668cf-b027-431d-ace2-2ba28260f49f"", ""role"": ""assistant"", ""type"": ""default"", ""content"": ""Hey! Ik ben [NAME], je digitale gids voor het Hoge Noorden. Op zoek naar inspiratie voor een onvergetelijke reis? Stel me al je vragen, ontdek suggestiereizen of laat je gegevens achter. E\u00e9n van onze bestemmingsspecialisten neemt dan zo snel mogelijk contact met je op om samen je droomreis uit te stippelen."", ""disclaimer"": null}, {""id"": ""1ffb728b-c5fc-4d24-96d7-0ecbcd6456d6"", ""role"": ""assistant"", ""type"": ""default"", ""content"": ""Hoe kan ik je helpen?"", ""disclaimer"": null}]","{""actions"": [""get_in_touch""]}",2025-05-28T12:54:31.836779,2025-05-28T12:54:31.890359,nl,,,,2
5500368,slug_43940,token_94480,15,"[{""id"": ""84afefbe-a4c6-427f-bfc7-00af95f73617"", ""role"": ""assistant"", ""type"": ""default"", ""content"": ""Hi avonturier,\n\nIk ben [NAME], de online travel(base) expert met superskills! 24u per dag ben ik beschikbaar om je reisgerelateerde vragen te beantwoorden en in 99% van de gevallen bezorg ik je binnen enkele seconden het perfecte antwoord.\n\nKan ik je toch niet helpen? Dan verwijs ik je graag door naar \u00e9\u00e9n van mijn menselijke collega\u2019s. \ud83d\ude09"", ""disclaimer"": null}]","{""actions"": [""get_in_touch""]}",2025-05-28T12:54:31.587718,2025-05-28T12:54:31.638284,nl,,,,1
5500367,slug_07912,token_29729,17,"[{""id"": ""0ed70133-597c-4fd3-a46e-e46e03075d4c"", ""role"": ""assistant"", ""type"": ""default"", ""content"": ""Hallo, ik ben Vera, jouw online reisassistent! Stel me je vragen en ik help je bij het vinden van je perfecte vakantie of geef je praktische informatie voor een zorgeloze vakantie."", ""disclaimer"": ""Vera is nieuw bij Zoover als online reisassistent. Ze gebruikt AI voor haar antwoorden en kan daarom fouten maken. Laat het ons gerust weten als je iets opmerkt met een duimpje naar beneden. Je gegevens worden verwerkt volgens ons [privacybeleid](https://www.zoover.nl/privacycookiebeleid).""}, {""id"": ""072ea34b-9bd4-4797-b8c2-c352bd536780"", ""role"": ""assistant"", ""type"": ""default"", ""content"": ""Waarmee kan ik je helpen?"", ""disclaimer"": null}]","{""actions"": [""get_in_touch""]}",2025-05-28T12:54:31.532530,2025-05-28T12:54:31.590640,nl,,,,2
5500366,slug_67878,token_06136,16,"[{""id"": ""cfed42fc-ca0a-437b-a45b-32137c92f1d8"", ""role"": ""assistant"", ""type"": ""default"", ""content"": ""Ik ben [NAME], jouw online reisassistent. Ik ben er om je vragen te beantwoorden en om je te helpen zoeken naar de ideale trip."", ""disclaimer"": ""Je gegevens worden verwerkt volgens ons privacybeleid.""}]","{""actions"": [""get_in_touch""]}",2025-05-28T12:54:28.882457,2025-05-28T12:54:28.932209,nl,,,,1
5500365,slug_39227,token_70259,17,"[{""id"": ""2fbd5a2f-e4c6-422f-9a1f-a790cc417608"", ""role"": ""assistant"", ""type"": ""default"", ""content"": ""Hallo, ik ben Vera, jouw online reisassistent! Stel me je vragen en ik help je bij het vinden van je perfecte vakantie of geef je praktische informatie voor een zorgeloze vakantie."", ""disclaimer"": ""Vera is nieuw bij Zoover als online reisassistent. Ze gebruikt AI voor haar antwoorden en kan daarom fouten maken. Laat het ons gerust weten als je iets opmerkt met een duimpje naar beneden. Je gegevens worden verwerkt volgens ons [privacybeleid](https://www.zoover.nl/privacycookiebeleid).""}, {""id"": ""51bbc8fc-e463-495c-8565-d38db2f7adb7"", ""role"": ""assistant"", ""type"": ""default"", ""content"": ""Waarmee kan ik je helpen?"", ""disclaimer"": null}]","{""actions"": [""get_in_touch""]}",2025-05-28T12:54:27.732368,2025-05-28T12:54:27.780756,nl,,,,2
5500364,slug_17546,token_76200,17,"[{""id"": ""43fed7c9-0865-49e1-b4d8-9644319e8f01"", ""role"": ""assistant"", ""type"": ""default"", ""content"": ""Hallo, ik ben Vera, jouw online reisassistent! Stel me je vragen en ik help je bij het vinden van je perfecte vakantie of geef je praktische informatie voor een zorgeloze vakantie."", ""disclaimer"": ""Vera is nieuw bij Zoover als online reisassistent. Ze gebruikt AI voor haar antwoorden en kan daarom fouten maken. Laat het ons gerust weten als je iets opmerkt met een duimpje naar beneden. Je gegevens worden verwerkt volgens ons [privacybeleid](https://www.zoover.nl/privacycookiebeleid).""}, {""id"": ""6427b993-5a95-4db2-aa47-f84931c6338d"", ""role"": ""assistant"", ""type"": ""default"", ""content"": ""Waarmee kan ik je helpen?"", ""disclaimer"": null}]","{""actions"": [""get_in_touch""]}",2025-05-28T12:54:26.877292,2025-05-28T12:54:26.946575,nl,,,,2
5500363,slug_73371,token_63624,17,"[{""id"": ""02bab6a8-1f9f-4a2d-b20a-f8cf7934ab7a"", ""role"": ""assistant"", ""type"": ""default"", ""content"": ""Hallo, ik ben Vera, jouw online reisassistent! Stel me je vragen en ik help je bij het vinden van je perfecte vakantie of geef je praktische informatie voor een zorgeloze vakantie."", ""disclaimer"": ""Vera is nieuw bij Zoover als online reisassistent. Ze gebruikt AI voor haar antwoorden en kan daarom fouten maken. Laat het ons gerust weten als je iets opmerkt met een duimpje naar beneden. Je gegevens worden verwerkt volgens ons [privacybeleid](https://www.zoover.nl/privacycookiebeleid).""}, {""id"": ""52c9f803-0803-4aa4-ba0e-31ff9515373d"", ""role"": ""assistant"", ""type"": ""default"", ""content"": ""Waarmee kan ik je helpen?"", ""disclaimer"": null}]","{""actions"": [""get_in_touch""]}",2025-05-28T12:54:26.835405,2025-05-28T12:54:26.940984,nl,,,,2
5500362,slug_20081,token_02108,16,"[{""id"": ""92052542-10f5-4118-abac-26af06190d26"", ""role"": ""assistant"", ""type"": ""default"", ""content"": ""Ik ben [NAME], jouw online reisassistent. Ik ben er om je vragen te beantwoorden en om je te helpen zoeken naar de ideale trip."", ""disclaimer"": ""Je gegevens worden verwerkt volgens ons privacybeleid.""}]","{""actions"": [""get_in_touch""]}",2025-05-28T12:54:26.634450,2025-05-28T12:54:26.704698,nl,,,,1
5500361,slug_49101,token_56487,17,"[{""id"": ""50f35ea6-ade1-4ab5-b550-7f4318e75959"", ""role"": ""assistant"", ""type"": ""default"", ""content"": ""Hallo, ik ben Vera, jouw online reisassistent! Stel me je vragen en ik help je bij het vinden van je perfecte vakantie of geef je praktische informatie voor een zorgeloze vakantie."", ""disclaimer"": ""Vera is nieuw bij Zoover als online reisassistent. Ze gebruikt AI voor haar antwoorden en kan daarom fouten maken. Laat het ons gerust weten als je iets opmerkt met een duimpje naar beneden. Je gegevens worden verwerkt volgens ons [privacybeleid](https://www.zoover.nl/privacycookiebeleid).""}, {""id"": ""1b9f0377-c6f3-4568-a5c3-288700c0299e"", ""role"": ""assistant"", ""type"": ""default"", ""content"": ""Waarmee kan ik je helpen?"", ""disclaimer"": null}]","{""actions"": [""get_in_touch""]}",2025-05-28T12:54:26.271318,2025-05-28T12:54:26.321273,nl,,,,2
5500360,slug_11121,token_84419,16,"[{""id"": ""92c07ffd-8e16-4ef8-8efe-7c2f74d34647"", ""role"": ""assistant"", ""type"": ""default"", ""content"": ""Ik ben [NAME], jouw online reisassistent. Ik ben er om je vragen te beantwoorden en om je te helpen zoeken naar de ideale trip."", ""disclaimer"": ""Je gegevens worden verwerkt volgens ons privacybeleid.""}]","{""actions"": [""get_in_touch""]}",2025-05-28T12:54:26.090789,2025-05-28T12:54:26.135676,nl,,,,1
5500359,slug_13014,token_64096,16,"[{""id"": ""f6e4b46d-11b6-47d3-b453-76cc572aa6a9"", ""role"": ""assistant"", ""type"": ""default"", ""content"": ""Ik ben [NAME], jouw online reisassistent. Ik ben er om je vragen te beantwoorden en om je te helpen zoeken naar de ideale trip."", ""disclaimer"": ""Je gegevens worden verwerkt volgens ons privacybeleid.""}]","{""actions"": [""get_in_touch""]}",2025-05-28T12:54:25.701065,2025-05-28T12:54:25.737634,nl,,,,1
5500358,slug_71025,token_77320,17,"[{""id"": ""a241a431-af71-46f9-bc62-14df6e0dd54c"", ""role"": ""assistant"", ""type"": ""default"", ""content"": ""Hallo, ik ben Vera, jouw online reisassistent! Stel me je vragen en ik help je bij het vinden van je perfecte vakantie of geef je praktische informatie voor een zorgeloze vakantie."", ""disclaimer"": ""Vera is nieuw bij Zoover als online reisassistent. Ze gebruikt AI voor haar antwoorden en kan daarom fouten maken. Laat het ons gerust weten als je iets opmerkt met een duimpje naar beneden. Je gegevens worden verwerkt volgens ons [privacybeleid](https://www.zoover.nl/privacycookiebeleid).""}, {""id"": ""a8db3486-bab2-43a0-9506-e83829cf428e"", ""role"": ""assistant"", ""type"": ""default"", ""content"": ""Waarmee kan ik je helpen?"", ""disclaimer"": null}]","{""actions"": [""get_in_touch""]}",2025-05-28T12:54:25.538465,2025-05-28T12:54:25.580783,nl,,,,2
5500357,slug_21973,token_35027,17,"[{""id"": ""ec3b3326-05f3-4caa-ac27-550c61f08014"", ""role"": ""assistant"", ""type"": ""default"", ""content"": ""Hallo, ik ben Vera, jouw online reisassistent! Stel me je vragen en ik help je bij het vinden van je perfecte vakantie of geef je praktische informatie voor een zorgeloze vakantie."", ""disclaimer"": ""Vera is nieuw bij Zoover als online reisassistent. Ze gebruikt AI voor haar antwoorden en kan daarom fouten maken. Laat het ons gerust weten als je iets opmerkt met een duimpje naar beneden. Je gegevens worden verwerkt volgens ons [privacybeleid](https://www.zoover.nl/privacycookiebeleid).""}, {""id"": ""10d48e3e-33e3-4a41-81aa-1417269d4012"", ""role"": ""assistant"", ""type"": ""default"", ""content"": ""Waarmee kan ik je helpen?"", ""disclaimer"": null}]","{""actions"": [""get_in_touch""]}",2025-05-28T12:54:25.181690,2025-05-28T12:54:25.197040,nl,,,,2
5500356,slug_03135,token_04710,16,"[{""id"": ""1369ad86-8b99-4c4a-a4e2-42ee58ea87be"", ""role"": ""assistant"", ""type"": ""default"", ""content"": ""Ik ben [NAME], jouw online reisassistent. Ik ben er om je vragen te beantwoorden en om je te helpen zoeken naar de ideale trip."", ""disclaimer"": ""Je gegevens worden verwerkt volgens ons privacybeleid.""}]","{""actions"": [""get_in_touch""]}",2025-05-28T12:54:24.636524,2025-05-28T12:54:24.733710,nl,,,,1
